USE BUDT703_Project_0501_08


INSERT INTO [RollCall.Department](dptId, dptName) VALUES
	('D000000001','Information Systems'),
	('D000000002','Business Analytics'),
	('D000000003','Accounting'),
	('D000000004','Finance'),
	('D000000005','Marketing Analytics'),
	('D000000006','Supply Chain')


INSERT INTO [RollCall.Student](stuFirstName, stuLastName, stuUsername, stuId, stuEmail, dptId) VALUES
	('Oluwabukunmi', 'Adubi', 'oadubi1', '118572697', 'oadubi1@umd.edu', 'D000000001'),
	('Akhil', 'Aenugu', 'aaenugu', '118572819', 'aaenugu@umd.edu', 'D000000001'),
	('Rishikesh', 'Baskaran', 'rishi01', '119406267', 'rishi01@umd.edu', 'D000000001'),
	('Manas', 'Bhat', 'manasmb', '119132906', 'manasmb@umd.edu', 'D000000001'),
	('Sai', 'Bobba', 'sbobba1', '119268278', 'sbobba1@umd.edu', 'D000000001'),
	('Vincent', 'Brown', 'vjgbrown', '119251638', 'vjgbrown@umd.edu', 'D000000001'),
	('Apurv ', 'Chauhan', 'apurv13', '119149676', 'apurv13@umd.edu', 'D000000001'),
	('Yu Hsiang', 'Cheng', 'ycheng88', '119205600', 'ycheng88@umd.edu', 'D000000001'),
	('Alexandra', 'Lesia Dakhniuk', 'adakhniuk', '117355284', 'adakhniuk@gmail.com', 'D000000002'),
	('Aishwarya', 'Sadagopan', 'aishsada', '118602400', 'aishsada@umd.edu', 'D000000002'),
	('Lohith', 'Maddula', 'lohith88', '119340639', 'lohith88@umd.edu', 'D000000002'),
	('Sai', 'Varanasi', 'svaran9', '119410134', 'ssvaran9@umd.edu', 'D000000002'),
	('Mohak', 'Verma', 'mverma12', '119262030', 'mverma12@umd.edu', 'D000000002'),
	('Malik', 'McDay', 'mmcday', '112276379', 'mmcday@umd.edu', 'D000000002'),
	('Srikar', 'Alluri', 'salluri1', '119075722', 'salluri1@umd.edu', 'D000000002'),
	('Parichay', 'Bajaj', 'pbajaj', '119381311', 'pbajaj@umd.edu', 'D000000002'),
	('Mohit', 'Buddha', 'mbuddha', '119419847', 'mbuddha@umd.edu', 'D000000002'),
	('Maliha', 'Bukhari', 'mbukhar3', '117567557', 'mbukhar3@umd.edu', 'D000000002'),
	('Anirudh', 'Anandh', 'aananth', '119597517', 'aananth@umd.edu', 'D000000005'),
	('Janarthan', 'Anuraag', 'januraag', '118267557', 'januraag@umd.edu', 'D000000005'),
	('Michaela', 'Bracken', 'mbracken', '119071379', 'mbracken@umd.edu', 'D000000005'),
	('Samuel', 'Chapis', 'schapis', '116279379', 'schapis@umd.edu', 'D000000005'),
	('Papitha', 'Lakshmanan', 'lpapitha', '119718278', 'lpapitha@umd.edu', 'D000000006'),
	('Akhib', 'Ahmed', 'aakhib', '119718078', 'aakhib@umd.edu', 'D000000006')


INSERT INTO [RollCall.Course](corId, corName, corStrength) VALUES
	('C000000001', 'Database Management Systems', 39),
	('C000000002', 'Data Models And Decisions', 39),
	('C000000003', 'Data Processing And Analytics in Python', 39),
	('C000000004', 'Digital Business Transformation', 40),
	('C000000005', 'Managing Digital Business Markets', 40),
	('C000000006', 'Decision Operation And Information Techonology', 39),
	('C000000007', 'Data Processing And Analytics in Python', 39),
	('C000000008', 'Advanced Marketing Analytics', 39),
	('C000000009', 'Business Policies And Ethics', 40),
	('C000000010', 'Maketing Strategy', 40),
	('C000000011', 'Supply Chain Strategy', 39),
	('C000000012', 'Purchasing and Inbound Logistics', 39),
	('C000000013', 'International Supply Chain Management', 39),
	('C000000014', 'Accounting and Information Assurance', 40),
	('C000000015', 'Introduction to Financial Markets and Financial Datasets', 40)


INSERT INTO [RollCall.Faculty](facId, facFirstName, facLastName, facEmail) VALUES
	('F000000001', 'Adam', 'Lee', 'adamlee@umd.edu'),
	('F000000002', 'Sujin', 'Kim', 'sujinkim@umd.edu'),
	('F000000003', 'John', 'Bono', 'jbono@umd.edu'),
	('F000000004', 'Tejwansh', 'Anand', 'tejanand@umd.edu'),
	('F000000005', 'Siva', 'Viswanathan', 'sviswan1@umd.edu'),
	('F000000006', 'Suresh', 'Acharya', 'suresh12@umd.edu'),
	('F000000007', 'Kunpeng ', 'Zhang', 'kpzhang@umd.edu'),
	('F000000008', 'Michel', 'Wedel', 'mwedel@umd.edu'),
	('F000000009', 'Amna', 'Kirmani', 'akirmani@umd.edu'),
	('F000000010', 'Judy','Frels', 'jfrels@umd.edu'),
	('F000000011', 'Martin', 'Dresner', 'mdresner@umd.edu'),
	('F000000012', 'Phil', 'Evers', 'pevers@umd.edu'),
	('F000000013', 'Niratcha', 'Tungtisanont', 'niratcha@umd.edu'),
	('F000000014', 'Lawrence', 'Gordon', 'lagordon@umd.edu'),
	('F000000015', 'Albert', ' Kyle', 'akyle@rhsmith.umd.edu')


INSERT INTO [RollCall.Work](dptId, facId) VALUES
	('D000000001','F000000001'),
	('D000000001','F000000002'),
	('D000000001','F000000003'),
	('D000000001','F000000004'),
	('D000000001','F000000005'),
	('D000000002','F000000006'),
	('D000000002','F000000007'),
	('D000000003','F000000008'),
	('D000000003','F000000009'),
	('D000000003','F000000010'),
	('D000000004','F000000011'),
	('D000000004','F000000012'),
	('D000000004','F000000013'),
	('D000000005','F000000014'),
	('D000000006','F000000015')


INSERT INTO [RollCall.Teach](facId, corId) VALUES
	('F000000001','C000000001'),
	('F000000002','C000000002'),
	('F000000003','C000000003'),
	('F000000004','C000000004'),
	('F000000005','C000000005'),
	('F000000006','C000000006'),
	('F000000007','C000000007'),
	('F000000008','C000000008'),
	('F000000009','C000000009'),
	('F000000010','C000000010'),
	('F000000011','C000000011'),
	('F000000012','C000000012'),
	('F000000013','C000000013'),
	('F000000014','C000000014'),
	('F000000015','C000000015')


INSERT INTO [RollCall.Attendance](stuId, corId, atdstatus, atddate) VALUES
	('118572697', 'C000000001', 'Present', '08/29/2022'),
	('118572697', 'C000000002', 'Absent', '08/29/2022'),
	('118572697', 'C000000003', 'Present', '08/30/2022'),
	('118572697', 'C000000004', 'Present', '08/30/2022'),
	('118572819', 'C000000001', 'Absent', '08/29/2022'),
	('118572819', 'C000000002', 'Present', '08/29/2022'),
	('118572819', 'C000000003', 'Present', '08/30/2022'),
	('118572819', 'C000000004', 'Present', '08/30/2022'),
	('119406267', 'C000000001', 'Absent', '08/29/2022'),
	('119406267', 'C000000002', 'Present', '08/29/2022'),
	('119406267', 'C000000003', 'Absent', '08/30/2022'),
	('119406267', 'C000000004', 'Present', '08/30/2022'),
	('119132906', 'C000000001', 'Present', '08/29/2022'),
	('119132906', 'C000000002', 'Present', '08/29/2022'),
	('119132906', 'C000000003', 'Present', '08/30/2022'),
	('119132906', 'C000000004', 'Present', '08/30/2022'),
	('119268278', 'C000000001', 'Present', '08/29/2022'),
	('119268278', 'C000000002', 'Present', '08/29/2022'),
	('119268278', 'C000000003', 'Present', '08/30/2022'),
	('119268278', 'C000000004', 'Present', '08/30/2022'),
	('119251638', 'C000000001', 'Present', '08/29/2022'),
	('119251638', 'C000000002', 'Present', '08/29/2022'),
	('119251638', 'C000000003', 'Present', '08/30/2022'),
	('119251638', 'C000000004', 'Present', '08/30/2022'),
	('119149676', 'C000000001', 'Present', '08/29/2022'),
	('119149676', 'C000000002', 'Present', '08/29/2022'),
	('119149676', 'C000000003', 'Present', '08/30/2022'),
	('119149676', 'C000000004', 'Present', '08/30/2022'),
	('119205600', 'C000000001', 'Present', '08/29/2022'),
	('119205600', 'C000000002', 'Present', '08/29/2022'),
	('119205600', 'C000000003', 'Present', '08/30/2022'),
	('119205600', 'C000000004', 'Present', '08/30/2022'),
	('117355284', 'C000000006', 'Present', '08/29/2022'),
	('117355284', 'C000000007', 'Present', '08/31/2022'),
	('118602400', 'C000000006', 'Present', '08/29/2022'),
	('118602400', 'C000000007', 'Present', '08/31/2022'),
	('119340639', 'C000000006', 'Present', '08/29/2022'),
	('119340639', 'C000000007', 'Absent', '08/31/2022'),
	('119410134', 'C000000006', 'Present', '08/29/2022'),
	('119410134', 'C000000007', 'Present', '08/31/2022'),
	('119262030', 'C000000006', 'Absent', '08/29/2022'),
	('119262030', 'C000000007', 'Present', '08/31/2022'),
	('112276379', 'C000000006', 'Present', '08/29/2022'),
	('112276379', 'C000000007', 'Absent', '08/31/2022'),
	('119075722', 'C000000006', 'Present', '08/29/2022'),
	('119075722', 'C000000007', 'Present', '08/31/2022'),
	('119381311', 'C000000006', 'Present', '08/29/2022'),
	('119381311', 'C000000007', 'Present', '08/31/2022'),
	('119419847', 'C000000006', 'Absent', '08/29/2022'),
	('119419847', 'C000000007', 'Present', '08/31/2022'),
	('117567557', 'C000000006', 'Present', '08/29/2022'),
	('117567557', 'C000000007', 'Present', '08/31/2022'),
	('119597517', 'C000000008', 'Present', '08/29/2022'),
	('119597517', 'C000000009', 'Absent', '08/31/2022'),
	('118267557', 'C000000008', 'Present', '08/29/2022'),
	('118267557', 'C000000009', 'Present', '08/31/2022'),
	('119071379', 'C000000008', 'Absent', '08/29/2022'),
	('119071379', 'C000000009', 'Present', '08/31/2022'),
	('116279379', 'C000000008', 'Present', '08/29/2022'),
	('116279379', 'C000000009', 'Present', '08/31/2022'),
	('119718278', 'C000000010', 'Present', '08/29/2022'),
	('119718278', 'C000000011', 'Absent', '08/31/2022'),
	('119718078', 'C000000010', 'Present', '08/29/2022'),
	('119718078', 'C000000011', 'Present', '08/31/2022')


INSERT INTO [RollCall.Review](stuId, corId, facId, rating) VALUES
	('118572697', 'C000000001', 'F000000001', 5),
	('118572697', 'C000000002', 'F000000002', 4),
	('118572697', 'C000000003', 'F000000003', 5),
	('118572697', 'C000000004', 'F000000004', 5),
	('118572819', 'C000000001', 'F000000001', 5),
	('118572819', 'C000000002', 'F000000002', 4),
	('118572819', 'C000000003', 'F000000003', 5),
	('118572819', 'C000000004', 'F000000004', 5),
	('119406267', 'C000000001', 'F000000001', 5),
	('119406267', 'C000000002', 'F000000002', 4),
	('119406267', 'C000000003', 'F000000003', 5),
	('119406267', 'C000000004', 'F000000004', 5),
	('119132906', 'C000000001', 'F000000001', 5),
	('119132906', 'C000000002', 'F000000002', 4),
	('119132906', 'C000000003', 'F000000003', 5),
	('119132906', 'C000000004', 'F000000004', 5),
	('119268278', 'C000000001', 'F000000001', 5),
	('119268278', 'C000000002', 'F000000002', 4),
	('119268278', 'C000000003', 'F000000003', 5),
	('119268278', 'C000000004', 'F000000004', 5),
	('119251638', 'C000000001', 'F000000001', 5),
	('119251638', 'C000000002', 'F000000002', 4),
	('119251638', 'C000000003', 'F000000003', 5),
	('119251638', 'C000000004', 'F000000004', 5),
	('119149676', 'C000000001', 'F000000001', 5),
	('119149676', 'C000000002', 'F000000002', 4),
	('119149676', 'C000000003', 'F000000003', 5),
	('119149676', 'C000000004', 'F000000004', 5),
	('119205600', 'C000000001', 'F000000001', 5),
	('119205600', 'C000000002', 'F000000002', 4),
	('119205600', 'C000000003', 'F000000003', 5),
	('119205600', 'C000000004', 'F000000004', 5),
	('117355284', 'C000000006', 'F000000006', 5),
	('117355284', 'C000000007', 'F000000007', 5),
	('118602400', 'C000000006', 'F000000006', 5),
	('118602400', 'C000000007', 'F000000007', 5),
	('119340639', 'C000000006', 'F000000006', 5),
	('119340639', 'C000000007', 'F000000007', 5),
	('119410134', 'C000000006', 'F000000006', 5),
	('119410134', 'C000000007', 'F000000007', 5),
	('119262030', 'C000000006', 'F000000006', 5),
	('119262030', 'C000000007', 'F000000007', 5),
	('112276379', 'C000000006', 'F000000006', 5),
	('112276379', 'C000000007', 'F000000007', 5),
	('119075722', 'C000000006', 'F000000006', 5),
	('119075722', 'C000000007', 'F000000007', 5),
	('119381311', 'C000000006', 'F000000006', 5),
	('119381311', 'C000000007', 'F000000007', 5),
	('119419847', 'C000000006', 'F000000006', 5),
	('119419847', 'C000000007', 'F000000007', 5),
	('117567557', 'C000000006', 'F000000006', 5),
	('117567557', 'C000000007', 'F000000007', 5),
	('119597517', 'C000000008', 'F000000008', 5),
	('119597517', 'C000000009', 'F000000009', 5),
	('118267557', 'C000000008', 'F000000008', 5),
	('118267557', 'C000000009', 'F000000009', 5),
	('119071379', 'C000000008', 'F000000008', 5),
	('119071379', 'C000000009', 'F000000009', 5),
	('116279379', 'C000000008', 'F000000008', 5),
	('116279379', 'C000000009', 'F000000009', 5),
	('119718278', 'C000000010', 'F000000010', 5),
	('119718278', 'C000000011', 'F000000011', 5),
	('119718078', 'C000000010', 'F000000010', 5),
	('119718078', 'C000000011', 'F000000011', 5)

